<?xml version="1.0" encoding="UTF-8"?><rss version="2.0"
	xmlns:content="http://purl.org/rss/1.0/modules/content/"
	xmlns:wfw="http://wellformedweb.org/CommentAPI/"
	xmlns:dc="http://purl.org/dc/elements/1.1/"
	xmlns:atom="http://www.w3.org/2005/Atom"
	xmlns:sy="http://purl.org/rss/1.0/modules/syndication/"
	xmlns:slash="http://purl.org/rss/1.0/modules/slash/"
	>

<channel>
	<title>1</title>
	<atom:link href="/feed/" rel="self" type="application/rss+xml" />
	<link>/</link>
	<description></description>
	<lastBuildDate>Tue, 21 Jan 2025 05:23:52 +0000</lastBuildDate>
	<language>fa-IR</language>
	<sy:updatePeriod>
	hourly	</sy:updatePeriod>
	<sy:updateFrequency>
	1	</sy:updateFrequency>
	<generator>https://wordpress.org/?v=6.7.1</generator>
	<item>
		<title>سلام دنیا!</title>
		<link>/2025/01/21/%d8%b3%d9%84%d8%a7%d9%85-%d8%af%d9%86%db%8c%d8%a7/</link>
					<comments>/2025/01/21/%d8%b3%d9%84%d8%a7%d9%85-%d8%af%d9%86%db%8c%d8%a7/#comments</comments>
		
		<dc:creator><![CDATA[1]]></dc:creator>
		<pubDate>Tue, 21 Jan 2025 05:23:52 +0000</pubDate>
				<category><![CDATA[دسته‌بندی نشده]]></category>
		<guid isPermaLink="false">/?p=1</guid>

					<description><![CDATA[به وردپرس خوش آمدید. این اولین نوشتهٔ شماست. این را ویرایش یا حذف کنید، سپس نوشتن را شروع نمایید!]]></description>
										<content:encoded><![CDATA[
<p>به وردپرس خوش آمدید. این اولین نوشتهٔ شماست. این را ویرایش یا حذف کنید، سپس نوشتن را شروع نمایید!</p>
]]></content:encoded>
					
					<wfw:commentRss>/2025/01/21/%d8%b3%d9%84%d8%a7%d9%85-%d8%af%d9%86%db%8c%d8%a7/feed/</wfw:commentRss>
			<slash:comments>1</slash:comments>
		
		
			</item>
	</channel>
</rss>
